,edges,metagrad,accuracy_before,accuracy_after,loss_before,loss_after,accuracy_before_eval,accuracy_after_eval,loss_before_eval,loss_after_eval
0,136393,5.0179594836663455e-05,0.8808692097663879,0.8808692097663879,0.31380730867385864,0.31380730867385864,0.8808692097663879,0.8808692097663879,0.31380730867385864,0.31380730867385864
1,6081,4.9724916607374325e-05,0.88069748878479,0.8807026743888855,0.3138299882411957,0.31382206082344055,0.88069748878479,0.8807026743888855,0.3138299882411957,0.31382206082344055
2,110026,4.816527507500723e-05,0.88069748878479,0.880707859992981,0.31365516781806946,0.3136361539363861,0.88069748878479,0.880707859992981,0.31365516781806946,0.3136361539363861
3,92931,4.790827733813785e-05,0.8805316090583801,0.8805472254753113,0.31399014592170715,0.3139681816101074,0.8805316090583801,0.8805472254753113,0.31399014592170715,0.3139681816101074
4,126304,4.793845801032148e-05,0.8804013133049011,0.8804221749305725,0.3139026463031769,0.3138759136199951,0.8804013133049011,0.8804221749305725,0.3139026463031769,0.3138759136199951
