,edges,metagrad
0,199723,0.0001752846728777513
1,3089,0.0001669793127803132
2,26320,0.0001649455662118271
3,191411,0.0001624565338715911
4,103855,0.00015957411960698664
5,170894,0.00015592132695019245
6,134398,0.00015588937094435096
7,164022,0.00015477550914511085
8,175993,0.00015402214194182307
9,185674,0.00015266805712599307
