,edges,metagrad
0,26320,0.00015329572488553822
1,103855,0.00014926126459613442
2,134398,0.00014539060066454113
3,199723,0.000145018522744067
4,40063,0.0001429328549420461
5,175993,0.00014162407023832202
6,33138,0.000139869938720949
7,81723,0.0001385599171044305
8,135373,0.00013626001600641757
9,57873,0.00013565790141001344
