,edges,metagrad
0,199723,0.00016395162674598396
1,26320,0.0001606337755220011
2,103855,0.00015578106103930622
3,3089,0.00015471268852706999
4,134398,0.00015202579379547387
5,175993,0.0001491672737756744
6,40063,0.00014798244228586555
7,33138,0.00014746079978067428
8,81723,0.00014558807015419006
9,191411,0.00014359611668623984
