,edges,metagrad
0,26320,0.00013440554903354496
1,40063,0.0001332516985712573
2,103855,0.00013215332000982016
3,135373,0.00013009498070459813
4,175993,0.00012396676174830645
5,57873,0.00012350718316156417
6,134398,0.0001224302250193432
7,115985,0.00012192987924208865
8,81723,0.00011929471656912938
9,189021,0.00011845264816656709
